"EsXypwXvtAu3Eolac7WFhCbAiT0JNp71",94
"cr3XF3vrHCXVGJTi0EfxWgHqeZFlVkbp",57
"EkREt5lpF0GUkBYf9rc9uNuUmRZRO8Tf",82
"b6GXpcLPu13wp4CfK8L1h5MHioJVAbDL",38
"kMmOTd54zYFBpbNK5cqnQXFJfJ6RDSZH",8
"ELeU43zqy9ylufv40ikFOlYBe2GuZdmG",39
"oqO6Tk3Fa9L0qggEF8vJec2nerSR5qXY",81
"ZyXpmxXiGAkKV59hH1j57c0MOELC59ky",81
"NxyYUI0ky8HMuXVNSvGnljcVOoD2kIoY",97
"H7GLVRq8lIBJ5YnRRpSjh80SsCFaPKBS",19
"fmZPEl1G991VhFZMNoHZbK8IM1OnuMI9",34
"Mta3LGbs6RyItWhiJmgcl0NatjZvWTMK",59
"vwC9FLlcREUdsqYUdr3KvWT3DhJhxqBv",85
"Yop4UQhAoum6ABELDmNby86og0i59nWY",5
"oBIPRrYY7is5VBjtepKay2weEJeYKPNN",49
"nHj1p51HAreSlKLHQrt2w83QygB6FFwS",37
"oYJLFrufJKCPeLcV6IXItIsXyCwKKcZ5",26
"JlWrdTF1kdEwwxeelm0Woj7P4tYGWudd",52
"ENoKiwnx16ngOotYyAGKJKZEfyiSMY6X",8
"VXF2YtmsuatC5Jo3J5IlIZPW2v9PYw48",15
"7fPU9sRvD7Mfjb1SIgzq4a7I4uGhhlIq",27
"TonVNSCiYg4JytENI09Yd3aMOOgeNBCR",2
"hoFnOqsc5BWdbWHk85FcdXkVZaJS3zaO",53
"4U0edlSiIELEzeLPTF2hAny5Xg2SlbJq",32
"vvJRctqtlYkxfqZ1mFytwr2yDZclwcz8",30
"RVWJp95HyhfKlfv6ZfJIJoaRptMKxwMV",52
"KNQhhjM7hzoTejZGrTUlUgRAbyauwJW8",25
"hVaCnI3xcQcOrx36Mnu1OjmLLT8CHdgd",35
"m3PyovgyrEqw6r03ZLAaKLiLCoUzwKrV",59
"dpgnKT6VkX2zogFxx3h8aHMAlVvle7Xb",99
"G8C9rOAwyXbjS5rlk613aPJSYpM8rRNz",62
"8MpdaPe1ycOgbmCi0g2iEsfXHBE4b2KE",15
"r3r9qsqH1ni1MnhVpjxE7cgCceXbU7OY",89
"iAZ8amplsV2NA5HW0U7j330a2yiDIbon",36
"2Ezo9cEYQwqamtCzPFY9ROa2Ql7jIvmk",45
"RHL2X4zE9nbayAZb6fyTcpxBEUOPrKit",10
"hVY8MbywSIlrjJWv6SOkmYRM0paoN2JT",83
"9aiTPDWHo65MEBbkzuIN22RubGPWFN5y",88
"0035DRjflAbfHi89Gmdfpsxrr9JNkrco",4
"30FxUdoTJS637yxw2U1LHLazbMMXpk6v",98
"RZvh0VWG2iZbzs8Ts11QmbU6YyHvjrmd",65
"j7A1mXtTyFctZPhDsImXUQZSi1TEWwzw",74
"yldWloy6PTS6h78rflQ9yU9xBeQjuWh3",1
"cRVHv6eg6fUzWGuH9yyReVsxBcCbW2xj",6
"uS4XFv68OeXK2JipjCE5J6iUKbYNqw6J",85
"zLq5kgAIJg3OrJWYbDNqd8ufTHTSWxgc",24
"DmD9eZ77VFODmmP6rvYAaBUFjietl0va",2
"qg1p2yACEtOkJEqnLWbF8cgTNYHb1QiP",53
"okc7h136MMvLQ1QaX5l5AR1LzBASgp4o",43
"DxFJT55Z14Ilbhb6qIOLA4y1hnqI8nhd",80
"SSEOsweU6o7nuMFkjFvXYbjdd3EROP6u",68
"JqnH4xlG7HwR24Qo4w427t0Em6brxqrc",50
"RE0sNchhyGZmYItF6mm9TNppgtWqKuy2",5
"OIQnKu9tAcHs5470cAYAVibDt6054AdP",49
"eFCjKZl333XnqyujYX25I9rnMFMEOniD",62
"Fz9r642PyjKNIZ3k7rE9Ht5bdhihJokZ",92
"XXGXj2JFoC2sAwSDiZjFgGL1dB5cFn66",28
"KCSJZFaR30zzHhIoUU3iAHq6ppqaOGqk",3
"WjMduQjmKd7k5LrTLxJ4tgCaMKSYbvfp",47
"gOVGzcmMU90Geg8TKDaSBPWu8QTXp4bo",84
"8M7OeZQm1xth2AWgU7wdKEOCldNl5r4j",11
"H4Cr2e6Ugpb123pONUmlvgRC5QCK7n1L",38
"EwPCHrjfQ1SbjGghTixjLRGANdE0YrlT",69
"YFZXuGKmdzrG5RzB3cJvAlgx9HbFYyDN",15
"n015UfzVTKbLl9fQrNVhuWlAKnkyW2PL",57
"lDFs6to6s88sikQOaM5b3mDvsEr3NxZl",76
"VDdCZmLRku3hTuOfnGfYYYNq4t1l7ChT",36
"U4it1nFtOyANYrymAxiy1ZxVkjTWqUXU",29
"3C9FhP58keGMqMVnMkNgM7yFLKmXIXdN",85
"7FbyiHmFitGDyEb8wVzGp82utnPaHuuz",32
"KPRHk8IsA1NlgQtGP2saGo8gnxpJKSSS",70
"mzNZGdMKvSAJajJfw3uTKnuEYhZoHr4n",80
"tGaUKnjYTDoU4Huqksz1Kqrf9yZJlH50",60
"onB9BkhNzX636qrai1x9OvbKCBJXOFCH",92
"E0O7lsAtjcYz94OQiqAQbBwHVkzJ6bIO",78
"06vbbPepdL85rR9DvYvnt95LhYqbRsiN",40
"6gifGsARvmuIlZqox8YQXYBfTY1GPDt1",14
"KRK4Bi4gdiGRLLqLXhwUCdMeRitwKBFX",57
"yiurgnV2DVS4K45vMXkW70BqZdaKOF8l",75
"1xvdKPCyAU4bcOFHjiqsXLlFgfOK528A",84
"SkZOACdhoaDr2utbcR9c7p6lzSWI0DDV",28
"K0XbFbz73W2eTJUhkjuYqFv35EtJNlAJ",66
"A1NY5G30hfC6IzPazKtqfpykTscVi0u4",8
"bzcNd6sjXhDlGAKae54XNnK4p5Swlurm",99
"qPF0CkXz8zgt7eVw1tNSlp0oG2mU3urq",88
"hXBLb3mgoxDlxxiYSvOEgKz5g2np0aGr",71
"Cqnq1OfDO1kT9GSw1IBcDjLK1vjV3BKR",40
"cyaCyzVxICVq2VYtdUoDl3smdFWRhIfh",11
"kGoNEs0MmEoMDjl4i9QfJ3ihRVJPuXFV",5
"RLLEvRHYuywTBi7GdDCL5oOdN4N3YJux",48
"ibiAYYCj5oGEfI9hIZb19O1kvEMKocTk",69
"HfHzIPRwFZZCaHo7oFuoPKuOUE8Ll2Al",10
"xaujtl5oXeyvmQZEiD6Xsm8CU4mLPppA",9
"dovj1jQbclfUbzKb55R4N2HHRVYasLG6",77
"BeHKuYkI1rphFEv8UQeZLnW2KBXFoIfb",4
"1Vw2bpOBxYwOlvBXszrLdZCdpqbuCokQ",40
"0e6jzxOp5cRhqAoPtJPbCuibE12Q1D3C",84
"VSlFetAw2qPg4rRp0vZPtgxFpF70oC8z",32
"ErQCY3aqeoQqai8x42cXfOgKdgHXHTLC",62
"7VdLyJFtb2GgNoeb9sfVN1gbkplfINUC",20
"mVKNHhqM01wyMnJ1j4YWTqcSOw3Mcnyy",70
"IvIA61BSUZtgHuaAAJJqDilkRWFCiZ4a",90
"OiVHvlBkQGvsxoiFpS41F8zBEwy8PlBw",15
"UNMbQjsfdjRHOLmTdmXEFydu5YCNmTP8",14
"B6rY3wqZIPaDgF5ieQH596dEzb4TzIzF",89
"C0ptwScIMnKLTuOd2F5hGYUIODT3JwcC",73
"JJqTVvAyu8uOiMzJIsO7VSVzxsmP6ZTf",7
"uUxhkgiTwUCFZp7HBVt8Rc3lED0QtTv1",68
"9ji7Z9RTR60aV3iJ3xl8WAZQ2VflhS2Y",10
"H4vcfE1JpO9ddl6JHC20U4OlAVM0qfGs",72
"FGgn4OKxXVqaufJo5sFEZIcFO7hjPSU9",29
"3Lcn9kaZDvdBVDhc5vSimgFoAv89m0AD",49
"1EeeOhdSNgvc7IWLgIPZxnOlPjX6Md8s",38
"VD7qeCiXWkV0vYHkcitMwl7zVchW7eWl",1
"LY8A7N1HnmYuQH29abAnxhljZGUELXVi",92
"Wdf8zCOulOSlDZ4V4Nw3mSssqdsBh5XR",60
"5Fr2cBksVTvGbnnhemAshoRxvqnqFifj",77
"yWrdmfLs0jegsaargKfkV3rBtmQfRIeD",27
"PPDAnIla3G43Iw3KDQoY5qkZm7D5Hn95",53
"5KbbzWBxKudHUnbmlvkIYbby3uTzKscN",68
"lW6nEToyCcUEDzH8YqVxUTOLNuMzdrgK",75
"rvZgc06uzB2FLzbM1HUgzDwsEwG8Ubxe",5
"rmvggzac5rqoaayL9hDdtfdYyO0JSDIg",16
"SCaWmqZZA56UA1NDkNgLYSR30dQz0i0n",86
"80ZigcTN9h0BUz7Nq6xt5mqPh0HM3r2q",96
"vBSh6F1gEw8dnbVxYHMckIJQvfn5AkKg",89
"kDZeWDsBCBlXU4OAFhqxSPBNRJx8kvAU",97
"vg3cfi2rC8kDdlxgt3cKfnoQxKQbuAIL",68
"ngsbmVbQbgoJ2uLewuZ8EfVx3lKo9ko6",19
"n2OHldllU6eG9Z130ens7v9pLclwwBJU",58
"jthtekay5vBa7TYvX7k0gUlun1fL9WkZ",10
"2CjO5BUSLnmLr6pNMXepZum7GZftRlOZ",74
"Tlsae7f1LMgSuwTEjOZNe0zM5Lwu1G9f",47
"kgiStANdby0AHXTIIJZcFUhWT4Fr4j5A",81
"pelfmDfEyZPKBDoAow7cVbwim2EI0Yi3",0
"ZYVxcf5hoTlmVtiXTXWL3PiBJPIQoX8F",83
"5oCSSXhrGoBhzAPevDsVSgbyMB4dTeuY",40
"IofOwNOn2rIR6EGPmY2lCHYoH5YwqKdV",58
"kCHvNDXCbNuiQcAaYwVDtPUJhZJJy58c",54
"FkaXAHmh47KiQXnweDLiiH9mJXODa0fN",52
"a1N2EatyFNFqHvD3131J3GKnrG1czumO",13
"tLzx9w2PTNMs4Z5iESgZeteyz7ycOO2h",63
"g9RZTxluKeGWixzrxis7bY5jREvGsQqz",60
"Ub1cbhHyJuvGo0XtH11KpKkPXS254MkV",69
"ImT2K9DzzcEx3L8MxonL3vlrCcWP2WKu",75
"IQAegA0qcekXWjyq6PRpCrgvVv0b9063",86
"fq4bPj4zf0AOpwqiQh37qrMRYnsQdOuy",8
"7J1Me97sdWAsjjMY8D3Ud87hDc7sKfoC",10
"ovLCw70GrpS9HyKkJN0MDblPsy51Mbq5",43
"Cpyxp5m1wQGD1uTtaIQXjm8c5329EygP",39
"eXoxAjyghnsOvA2kPbV7oDFgKrziEGMo",54
"P4A0yKzsmWMDW4utI504sk2IEjvxBoZI",39
"NxZrCRBV887V5KRSBPjbeZ35tzbFEldK",6
"dfCBHz8BtC0WxtDUEM5UwQ1JfAg4KcQt",49
"lde8mzZDRqmElFbPaiM0Nr58ln2JHKiP",14
"m5egkcX6KhFvdEbrdf2UdWIFASN01ktf",49
"8MNSAOavtvo4MiNa8iHFXIgpo40Uj642",33
"nszq1U6mP7pfwt8c1YtizJuHN942mj0u",22
"8ZtevhodWzg75ngSlUd6fWBX5AdcQ3SQ",76
"Wzd4cUro7OgPdtXN9JH5adn7mdUvHm2z",56
"mFdZkYdOobLJbaQPAa0jA2xxKzK2Jx0e",46
"mfM8SpkqhUs3953HYImNSO2O84B7sKX6",31
"W5DfM1XQUKShATR9T4DrBr06NLZgE5xe",98
"xB53NlzlE61qydtTqL7RoKh0Zjfn7WY6",90
"FXvYZGPuicJm28MEXDCfh9RrWADS7AD2",39
"VExyWw8MI1EHxb6P0l8efCTHf6TyZElR",51
"Nv4GKb1rgKHYr2AqmHwTZbUCVeX0VxrF",75
"TRGe1rHthDCy4iGDzVguuehswF3XiqYh",33
"ulaT1vYZuRmgak26uZfRvcZ9Me7ANZSZ",97
"CJCyRuGPz8lSnA9OosHja0RfOMCEpIMV",97
"40qX5VXYSdBEa0gS44MVlJsz2RkboZ9d",41
"KoYo7llzjuJaP8j5uVaS0qM0ZRsZPjGd",47
"OYu6U9ijt5ditdKGiPwcnjIZSgAAy2eb",84
"EIJVhHjmEzqYsS8vmbKqyZWfb2qn3a5C",23
"OVAuVCB54Rl4T40fiiHKLz7rFBAuGKlr",13
"z2Loz7usUYZEbxkUfZWRybPODznHNVvg",60
"FJmmXv3nHrdlllCTddFgJeKZIQIHs1bQ",12
"31CbO245nneggq9MgYryhGakPY103PN8",60
"0PHJKll2lppV1I4Dyh5phmOOcuXEjmi8",38
"h1PXT9iw51EcwppJ2GduFgZMLgQozM3M",98
"WU0Fgb2XCh3cRWc6o8NSzRsAb17qnXob",43
"mBFiDECSJktJXbwf9vT2gHRrN1L3ScY5",36
"xUyQrbywS6eI0wJuGHDDKFQvcWhoBaoI",51
"KPF3dOqmrcttrSe6Kl3sXB8NPTGuQwSx",46
"1IJTRSbpanguxVFlhHhej1AQB2UCJTVk",99
"w8LExXzWivJCZUnydt3kP936Layywqyl",91
"0gBUVGERYgKCBSKgGTYKCg6H1St8kgCV",58
"6V2M3oKtq3IOvqhYR9x1V3Fr679lUI7Q",55
"9heMAp0GCQLMguCuQTMDBBNhuPT0pAi1",81
"sbUGlyvmraovkhHGERaX2J3YT3zhPFsu",81
"t3g8bS1mSCNhQNfzVxikalmYJjbxEFcN",49
"xjpyXNl19fj3OYl5BYV5Z1023wwIv7cA",51
"F3Pscos2bnGqjugovDsnJH71y8LvgEYv",2
"Hmt0wtN9cs5SjQpyouTUs23mzgt2Y1uA",18
"lsNmjmQlC4ykEyYqzASZJ8iyuWNv1hm2",27
"w1iFznV0p3TKsY7mGOHsJp10DBu6YHdf",32
"zv07ks1tvFAl45SLIPJjJTt8MYmCSLNn",65
"fbp29W8B530B90pNiyu04ZqqZiOph4bK",52
"p6oukjlvePyfvUaF65e08Uvj7iiiKvN7",84
"rqEqWhr4ENvEIFfyCODfzWq9tT6PCt85",50
"cwVPBAgEhALj3TPVx1ko2loSvUkZynUX",50
"AZIVrCrXuAiYmwBvqLZ6D44gTOZsG4a8",99
"KeiVGQ3QC6nStBmhDx4JXg4Io8Xdwum3",92
"nFawCwSjHH5tdye3uROpU4hGbHQQIX9L",72
"dJuIxL6Y70dTK2tEfmI1lugX6ZD6lKBv",14
"UbIY0iPVHskh9mnNWD6tUKnwE0CKx2G1",82
"nuOQ7yN1nv9tr3QP2sai7rIYANXfgQkg",65
"3yiV6Lz6qjnwhiZDBm6Ygr9EoiChkNVZ",82
"uPm0OGF3pKSI3NbuIo2xQRUeybJjlj9s",10
"xfLDQif1Cww6jYeHpdWPBxw5teOXlKdu",67
"xwIBh1GJ0FlclE1yYrT4addfquagAC45",34
"J5Q0r5bOVPnD88yLPd31n9wg83udVSU5",89
"kVh6XPx6oI1rLLfjJJ4AfuWzNEMQxu6m",53
"cdeaZveeBpiVFzFvRHbLpgQt5nlK8Cea",14
"tjJh965mVCFs8oyC3L0tTY3Ke6WBhO5S",32
"HrV4RPhDws0mvfLf5a61S3XD81GbAwGV",65
"d92t4vKiDBnaYvRtTgKJRs38yikwwS7n",41
"gpGY9BZC6wmmdm6GgLcH7DcAEHVuGXyw",48
"t2d33mIqC5xFMFqoxdHC56BW6aAauzHf",59
"zzG3JMDQ98wYZKSzus4RY1MKnNmiu4M3",19
"wTO9UwzvqaYsweWxSRIww6wevGcjg25p",74
"dQiUDnMX0odZCn0iKcdM1brqwD3jHZ7W",52
"vQx5bVHbgUxdXvc1x85lkt3KCVsxfKYO",92
"LYkAYcva5iqxahtQUBsANzhUPKtonCZ5",13
"ORDZ8YsbAKj9hXemXykOAXX4r4WqoZvO",82
"8LnO160iS8lgpSasOWIZJXRJcCUCLZoh",46
"urVgDhfQcCmvpusjH9S54NI4n6VJKeBt",64
"w2za2sGOXFLLM4SNM2XwGRSfsdsnCQFb",79
"dNFJd7y9MnPujbz9rEVZCwxe6f2MtXTx",31
"ATqu1iACZFjY3aJNUNZaSyeA7ukZuCNg",46
"7Z0IbpS0z3aFksk2WOmxubYAMATp5sBM",66
"8Bgpwr8W5G74jrBozKEFFNb8P9b6PzMj",42
"nrNwrJLCRZHi55zpOISNhLlAdSXdtI5n",22
"QHYYZeYtyG6l7YTsFOHjbY41V9jtYZGT",12
"CVIZzjCB7ceqIve9FjMdqLNNBKKuVmFx",67
"6z9Vj8KilV0piXSTleNGnK3jgz1WG30i",44
"eGwLfgkMggSg56tMZE1PAJq73T7OrADB",11
"vOB3o4uenbMQ8m2o1NoLSO0oL5UwSKdh",80
"Lx6JCHkEVkVvs45dWCE89Ac3Kf8a2idY",27
"sqgqUnTJpYaSHIjaE10d8EU5SNmaEun2",8
"abGLC2DISwHQ1EpYUiSjjK5Nq22qEMTO",30
"0mM4OLm2pb6mTMVH2nrHvFAzmULzMa2V",60
"TqXEbLBvtWBRjEzDReP5fmGM5eyQyZbQ",60
"UxeoTr5NPq0LRDe1rAgz15DYw0e9T4wQ",76
"GwqaDvGhux8cIe87vqQbxH11mzqzxNPi",67
"xWOGLAJevrQHKvBgAFsy8peiwEkOivcD",85
"ot9O04WqnQNvnS7bAb9Nn6lT5aP6MWFN",21
"vw0ESYyqV1gtcIPqM1O0MxYb89lBPgfw",34
"ZoQbtbMJqnH9nnaUsEvL8I7WyNMIzKEV",70
"ee6XAV9nDxLSt8AoEwVgtsTb8ahG3zc8",94
"iuWcXdUBbG2SMhbgiLmLIDLUyKO1mshT",1
"sIIl7KSLCFPlHlkumqBCagmYrehFVEj2",54
"JcrsKxU1aP9PKMWJPafM1qpIFRledqlF",92
"5op1EkZJOLMdVAQG57RDqcsx2F2YNXPy",68
"ytyBx9f6DO2eTlBEeoe0h8UL3p0FMybl",64
"0KpSQkZTDQAn1pAeayv79c4xQfVlfl9t",54
"XzKf6V9XqDlv4PGuZYFcfJmhRsdguSlt",98
"umUJREirnpLNsqxuXprqD7Mf284JwXS4",30
"h346ufhWwRnRh0oeBXbiRj4DCwf8aVPf",36
"8KThxsS1SKrA7c7CD9wNIcBQGJ8bJwiN",89
"2jcYwUnXNVAlgBoxWUdCHSGnzLbQoLQa",68
"iTk1npcnTMEr5nwYRhZ3I3afNlVGbMgv",82
"SOFTSu5HXQLZJlhEvm7J91ZGXTOceERS",56
"tCE7Js1aih2tXRvD2rxliTmf3CWNxnzj",45
"lDtIw5xutBTy0BrHj0UQMLmhtnluqUVe",65
"hyVmJ9cE8rlvZBOd0TEokK1lAQh0upsb",51
"C2FE0QFHh0qzcgL8Ttk3R2Xt4BB8Z1iq",96
"inAy4xH7F6VVeUKcgnPmYfkLWfdEr9i6",13
"9RZ30K8Olgn8H96pnu6qbmw195G8UKMD",56
"iUhuMdXccEFLWa9Tx9rwLZy8E6L5kE3N",35
"c2uzuQ0lerqBEYG9iEmipzSpQQ3zDIMu",94
"uith2N1pJXGLfb3TboQqS8ehXKed9Fa3",69
"DDNAqaZpVt9YatV9qLrYjTZBcqxi6MZd",74
"iG680DTsTv3pGuy9Cb6TfaSu1rj0KvvN",65
"vp9tteb2C4LDcRSmKMibojU4MdChfP8Z",80
"ayc9UIy3XhmQVllo7xO0GLl7DJSy0OS7",51
"NJyfyzPX6SJs1h1mlgeRZHTU8YFt1EGO",97
"j4RH415ANgUTPtF3TAxsFmugEz58xOrR",91
"BhU6jyCGxBxkR6fvTftzk5kuP6L6mt6F",71
"DQVsUxggEs2H73jtybZkgzYv6FWRIEhT",95
"SckJufi7NWCT6BSy5nEuFQzqMqkxZ89Y",94
"7KFTF64BaH767t5ekd6FWoovOz39EEjj",26
"V7XsMxwAouJTUti7I7KVQENPCQ60RicQ",19
"r9CofcWgDmzCdvdNHinpFkAEFcQj1CjL",98
"LYrIynZywe9QOxVCLsBVpDvfmE0tIfJx",3
"DttUPhgYVAb9a2c4Z1BqUNO9MTixmUJj",12
"nXhPYqBWaa0dnJFmpppTzdLF7x2V4ekK",37
"AE7E2gXdX6dA3LYwW1TLhQKjPk6fHtRn",54
"RIhLGP1CykZUAa1XBvDTgguEHRzm6eQq",10
"HD4CsRoTEwE49Khp7D8hhhKg6yLucCuC",20
"OtklrTURegqXnMORsSwf0eq8QRlnQb7W",61
"dZDFEre1TStGKhjtoer0EEkwygMw2v1u",22
"zRFYhS51M65CAgn9DoUQUFHBZxRVdwcS",77
"NQNtTB1fq2kQBgKuPrw9CD4uwJyyckm8",42
"c09coBzgKPgspJBtwxxeFQ0BTBL0QIWo",70
"KAiczkzFDLZJO9CrCmWrv4CKdmmMiL5l",48
"6e6DSCU7L5y9qJANuMyuWfng0FQbn2og",91
"iZE2MPyMRKvH6eAjs7uczrrA02MI2mNZ",94
"jozpPy8otf0QPgwz6W3SIbHUrnuBiytl",28
"BV4Mqq4bqsSjKP61iQhEFfdK6uD5UJIk",90
"Ev475jECF8b8InmTqdABCXNxYTWkMquk",92
"0qPWjXdpWMZ1M9dvko7VIFeH1LvXKuNt",39
"m1qfqnuW1jGhiyOt5Y1HE8XsRpPh2O4K",73
"NX4sGMYfdiLE7fUY5Sme3yRi6wSccHHI",15
"EgKOKYTgBHvUbSWwKqhXfjcd0j9uhhfn",99
"XTX9AWGUMsyJDgUnAjDk4Phdekc2VllC",23
"nl9ty6TZ5CO320rYZ6OwiUyBVtD7pi0D",14
"DNTFzY3ccyRzDuiuUt1mvsnlGmbV3S9M",98
"WCoQpiY8Ls8YtW5mlt9LTWDHyWl76mgb",97
"7ImlTnlxtEnphfeCXrosdSu05wK1EEqw",15
"ZlFKrWOzMQiV6uWAVkwnBe0kXqO7vnOD",21
"Ud3aeXRakEvnG09l6ANN4n2CVi6AdWwA",28
"ujkVyZKZteKkdoq9aqJLa3Sw8Kb7Wk7W",88
"NqOa0OQy3M0nAwvbfOQ3DK28ooCoce0J",60
"8jYIWldYKYzeAfBL4GsIWGtHziGRLom5",62
"zZLMCRNq1zx4bCMnQYHDOI2OLKOmxbWD",26
"Xb5gxunJB1TSplKyJlUAXbCKnzFmP1YP",65
"YZke7Z4GwJhdZaWFWDhgUcXIrRrTacH9",95
"ZlmLfbe65unFhVuA1GSrdtzPzDagq6HN",80
"MvbKzIxyaJVcbHE9ehHIeuubZJP6pXW0",95
"Kc14OGExyq8RExybg0brwp9YWhh2tCyQ",50
"YX0vhQcNz52SYkVCKvmDbq9yHzDKaLLU",23
"2O5MX0dAhnJJYbqBiESD5CiHHbijNoi8",72
"NU49cCmcKYZlRm9gfqL7640t10ij4pHy",63
"NUbJwYEWdZKdHG3m9MB9gfJC3hFDdPPw",60
"2EyL6TZbd3z7WT2csVukbcmv4gPKNeWl",89
"ohXl2VhuwxcTu6ZqQ0zmt8CNM8NRguXd",37
"h8GetJeweOb2Yvcz6NOWkdJiv4Z5FRRB",64
"33SVhXnLXjFDoiwjZqONoozNkOc6AkfD",24
"qSPjH1DlHHliOz1DVrnHae0mVzNjHrE3",77
"fpCnxqQq8QAY0sthVcsamIXK1fGsiBfK",2
"fq8HJjnHYLg9pkDAgFmAwBqvxXf7n4gy",96
"Bb9nce6bVWZpyXcJOCEl0sduFN8nAlbO",97
"sT1z4AMWJk8d5bXbFLKrcS3YMgjAqDc6",71
"gmizLHtCfjZ1uSgaHH9aVhqGbZZK0nl8",15
"3KNvqllwcSEFqFvx7sTE6wJaazKPktzU",99
"aap515pXBXbRt1wdWWTi6EG1RN1jzBFp",78
"oxMxzb5rF3UbM1iaRQfTRTLMyL2zyZc3",21
"B6anY7ZnnMl6upKT6x4cYFnKlS9GJs6H",46
"S9SOZ9g9XKYxv653gubb9Dj0G26jKhCK",62
"Jutupql9kbLa0XPfcwjmL4s0QKavnobn",36
"AnOpz437kbmfBhj5h4yPPj28QBOlg1IR",59
"k3WYNeowP6lwttxtUeLT5jcPlrbUgvEl",62
"qBY2NgjsZzwZqDa5yETttAw3QiZ6Arma",59
"Jbd3Wmb4gaBn4j0dS9HYWd6046WHxpth",55
"f9O8u37azqLSrBE1rXGD8hraD2JUY6ep",6
"jUPaIwWTQTxXUL4N6ke06ZzbSLdfhXpn",94
"cAMnZbftoau2rBkDkYToYSJAEs0Gdhre",35
"x5t8Ms9gKpS9oDyNj26SoTPVaThbnB2g",58
"BvA8t0YBDdJWOZXswugPygJbdtO0rq5n",5
"a2rir2M6OnA9bU53jYIRU4sEGR4ZnaU6",56
"S5FDyAESaQqrNrGjwSyJErzQWsWzKt38",10
"e1GZrAsX8PbaP93tavIhN33XbBAtCfjJ",75
"DxbR0eoKQpO3LxZrMipoiwtOeZz2imA4",83
"nzh3B73KcJb7cy5B5i0sxNxSyobqw7Js",44
"A7CE8tZOwtiwTPM1HfmrhXFVpFYDmr5X",9
"V9z7Y1cgydsx7xMYOPsFlxr3kH1XkbpL",34
"LKvpV9CPdXEiWemSynxcFkOGqUNtI5VC",49
"niyDBd0Dkb38UaJgqD4KQIcdBkMfG10D",31
"h7cOG0MAoLAOYsVRBTOBRP2fVGlPVRzU",96
"uUQ3eVA2BkAULh9AwNqw6cGxpBgEhs71",45
"8OJtGLnCDSkg2hp3sK4dhh5jPh4hwcmN",82
"CAFMhSt4uGz47FGJG46Iiw5qOElUI5X8",44
"hHicqgPGQTDgpgJOlc1bywW50VjaTYkX",84
"HbvDB8Sl4pGAgANsAp5O4G8sePJWsfcf",33
"1MvsHANEjhDRC1XoVAr3cMEgwnqg8fmx",14
"k3QlIInpE3w4m0xSuvufe6FrzSTPzVfv",45
"gAQ937thBWEMS1PLISKh5UlzJ1krtON7",37
"j5RxMZ5ijxRBOfaC1HLuTln6KvfGlXeA",20
"TQhyUMSbDWlMJwCOrMVmTnoR5PHGPJC9",56
"F7916iYGvThocWvujkkZln72tSBBhpfe",4
"W1oebhZGXA8iof9itxrszahfpRT3W5hG",52
"O8GuIk3kRPSp8LMDZ9OWprheVqzr2MaF",21
"6JoGP9mWZZwbALeJdYylZYUvqU0flmO8",52
"KcvLiAvTyBiaVCJB789U4DzAtJrzLU9Z",65
"wCNmwBc1lob157IpoPK7IPkngfWCO6dr",4
"VUConYHRpZRyoy1ii4xUeCnT33TsiO9H",28
"CfN32GOFVG8sY3Bn9j0v3IFyNpfbiFtd",59
"4sLksT15SFn3uooE376G95GvBNTP7xbB",11
"53DPtT6xluHI4YuEHYyrB4AAjAK78Ecm",11
"Rj0k8RGy92rbMSoKiBG27bxKr6xbNi09",79
"b7e4ojigZ0rlafPxlyd36uE2T9rmedDc",64
"yO30r8VjiZkUBqTDGbeuz5Hwb4WrcaDQ",86
"1QFANzL5A64aRDebikkAFHXLWyB55xw3",27
"iuwwXl8LZCRJckzWFemlgKmcwTVZKbll",26
"uM2RhCPuDV4Bg2aRS1cO41UjDWpBP9ID",63
"2cugKud9b2ltICOYK1aHuQGZmAxF0QK2",36
"hgyoeIefaCd6NZDVCZaNY3BNSAihwEIJ",57
"rUlc2C0MKK15gMkT56YMqoVKNEaac0mH",55
"SotSGNL1CzsGfubqZIU99UMC6cibjm8p",55
"fKa0rHvthtI4bkvGtJcLaZQaEsPcySTi",10
"Ba1XXRHpJUKDj1gSxsXbvH9IE54j3aHv",50
"cybM1AX4YYmEfGKwfmSUjIESJHsgiMZU",92
"R2XUuCG84vVyTRNJGO9U2pa8wpcW0wqX",68
"1XFGYb2JYUUzONhpIrqLhFAx7UNwzRW1",29
"F4CEmo3PFnMDeZ6J6ZYjA7hv7kWE8584",38
"2pgCYefTxAcxJmLQTQdXy8Zgho1IbBbx",29
"eONb4G8a1XvsGlBoSqwdalgn4ygp7d5R",24
"6dCB0VoC2zTtBshPBRMPDOuk5vQvT0Dk",20
"kjhczR7ECjojbs1rFCktjgdUmypcSDgO",32
"lcVYJg2I04ZPVjWDKd75sdeV2DBXYUat",4
"PEpUbOhFDDvGk4bpBYqK0YAM9JOTm371",22
"6bTRLBVPdgO7tm6QnliIy8HiHHUmGCKM",85
"ohZPvHDf5yRGng19KjSTXdqZAGQlz1nC",27
"JQTf8Y3I077rnPLOG6NgBc64RrdYT73i",41
"lqXu1ZWUO2KiAdx1wrZlRB6vBx2hIgE6",64
"7oDnfKTXeEmISv9utT5SlwjgDLWFLXG1",34
"tearzMvwVYkd9kA3PNNYw467HCIvV7bV",11
"QhPIfZKaZvKjBX1WvCXxGl6ltw83IebJ",67
"YzRY5qqwuCxFQN5x4QDtYMKvx01loO49",76
"yLuC8ReZd7zk9lpVYksYw5SWatzbqVy8",43
"n9M2YnWlt6L7lTFA976WoGzkcDMuKZKe",47
"2VaqoOgCk3QNu1DQfwiZpUhDXCev9EGt",75
"8iFc2x0WmFm5lXboPnAK8mV1z91BaQfu",56
"5tBwtzymHX7UpHvzD2AaSX5kWUg4a242",25
"cMvt9iv5hCwdFOZR7KvTNiIuiIMVZSWn",78
"7WM1afIXJtU0aOxIHVOiq1UwOSTyyccf",91
"SMiGaJOCZ2Gkh8LuMRLBzwfM6W0G4Izk",5
"aRhN271J3PS4xQVYzkIZ0TB2dORwVH2j",14
"0gvOJhr2sejUsbSaQxhXLNjM0WcKmIUD",2
"UXTOOHj5HL3N886Gr7Tkyuf2ghiNQUaO",55
"aQrKuWa9L8UBQqNom84BM8SJcl1ipw0K",10
"Rnt7IPCQG8Sk9umGe3bLGv9aHKAY8HyG",21
"u3rjB5nwfsTSHcLpusRSzzZxXQpe2eH2",11
"QPNNyKCAQSQJhSfhkr2qF97ntjIUNGA4",35
"Z8kZp941YvK0XkjjNR5UFBC1OjvVeLkg",0
"vBJgDfX3cR2fQbmWKTAaTNZcSKjNVCl1",75
"CckwneclY3omgRThL3174mJhVF9mcd2M",69
"Pj4saVDFKr0r5vUibfr4MT5YSoAH9dfa",10
"tbHuodVOsyOtd0IhpAQgqO7Nw3xT5pbH",95
"GsdACIGt2oLUs0IiLBkGGytmyTixfpfF",62
"YBbYeHbzrAyud2DbvG1UERvYFOPSsgUu",42
"EK2zDthaQUzwbToi7J6sJ91HspqVGY0A",77
"4mdwnuwplfb0IEYgaBBstZgNwmIkSnLZ",64
"uquUTkPLTeekvdvd157DqNI0GSHEZgLQ",27
"UmJOcBOmmdvh7Ue9ObJcoYYxnpy88SiG",81
"7CSR64zJ5E9Fi8IBU9udwtpqb4c0RlvT",96
"9GCVuVS3AbnKLR1py8GUrDTxElC51kgA",0
"I8wjXMw58uyMQtf6TPxtewF25I0eslho",76
"ve64r1VO9Dlm9JA3gTXFUKaI4kEPeqAk",16
"SGqnEwpdKAnipxywXe3Pq2pHRp4eE2JV",27
"1OETYk36fIZmOMf1JiBhLmR1wVLeNNHn",4
"OFwovBG1RgbGBPsip8KnRLa5GIVOs0L9",71
"fYMSaxjSNAjwTXt5KJQtJnsVZYyyRO6Z",79
"xgpT5zdRqKk80BUtX71Loa98hzVzgJXf",19
"Mmk47NgT7E4Ea8B6Hr41VCW9HYyleTVN",37
"O9M4UUjJFFy2UMzsjXlUPgDHnuhU7NXH",32
"LM6v9DndhSDfrgGC4VoYOkv8hW5VQAAS",87
"RIdKEdhB6KDFO7fWG3TqAuc1Wx10CDZo",59
"5NQLqsm3Pay3vj2cJeOAeItKXWJFIYRa",91
"0BDjkhKSxuCVeeazKSdXDjumbb6fj24j",28
"3GYPhtpzir4Ocf66sgPVP0kl1KKJK25q",68
"nVFxHeYbIVZbF6yMZnjC7fIl7dntcgmV",97
"e6BbmQCXXcekgGREYggz66HsVmv5H8Fc",57
"mFCUTl3bj7YWSMGzfS6nXuyzcgtbd0vn",32
"oFB3DpX31vpKFnwoyIQ6zTNzTYPXvfMI",10
"ROdoylQwA8JsuaEJtQGfPkzE0izM9Aor",47
"zjwMoF9sV50AB3LT129GR6h8FWhV8G4x",21
"u4qVZqgnxPfxTHomkvuAJ7OgnX7z71QZ",68
"K1jzoo9US5MYx6nfDIDSniIhlTsEQGSR",91
"26ake8pYUdSQh2dMMfitSHNUHWh0RVEK",61
"XkoPwZDjtMvmulhv9MVs3w1BRTnyRfSr",34
"p3FOUDcp8fafGYNXEMPhPxyGzvkReDIC",37
"LWPNN4y2Ode55ELpboG2ubDuZWBr7uui",9
"HpWqHohTN9FmRdmsLhHzfAgMdHZbSc06",86
"SesWTXAYT8alIujywbhBepopl6ndMY4a",81
"is2Cev50vuDjlsbjOPndss7f35AZ0z8L",43
"YXWjZ6HBwvFSAk4VUaTpURKneSW6VlfS",70
"5oJv8ptpxZgSjLAe9eBVSAezdkPOBhwg",93
"xIMuYV64QnlnrdfwajJ8B2BzE6R9Wkhs",77
"kbeL19LIQZyHtQSEgrtUXdAuZMcAnsHZ",48
"me0gHoXNlAK0gJvBOPxfnFGp0erVvMOg",5
"Kma52JgbcS4rxzXYRLslNUDZUb5DgX7z",90
"ZyzTDKtAPeqIlh2cGbF7tHySe87CigSC",15
"4lFa2AbJ52dWwijmYvaS0fpr5w86fgbs",99
"OgxnkMYEXFYcmG6ajngyOfHgshsAgnZH",30
"4WOvr4JMhVguvP31dwRa6tYuXGLTR6HE",24
"WrBWRxEAIPdqyFJGICNgwgRk1fFMad5Z",9
"Z4HEFgUWbo2lqTGKBleGy5qJjWnL3LNX",53
"2hQeLdm08xQLR1IAahqpOy0K2NGnhxuf",49
"FVhgpyfwQYEF2WQ25wJLqgJyAxMWHZT9",18
"eUO9lCBiLgo5TqJOxOrZdXaUYXsTRbuk",69
"WgaIqVziOVYvjcN8FfJzroFPE69LZr32",99
"TeJn9kQXnwIZ79jChqifmFNRqlUWoxlk",12
"mKyYMZRyYWH18k631pVJwbecSLVWLVpm",7
"vepSalhopfYGz8e3sWQSwsh001KQynap",78
"1dwz0Lacz4zPOBf6UFWmaUZs3qnbvtGo",11
"jdHUPSjDbg0lYa9gfHzqUiNNtE6zDoYR",21
"tov3pAP6kfjbYvtMmQAiPkwEY5euEm0E",66
"Aao5iZWWEgwlRunKx9OWZeZ8z1ibGIfK",38
"9GB9XG3BXQY3GJV5R624YqDy8vDBtgjT",89
"08rIv57yv5kKjwAk4F4odHws3maajmtq",3
"hM4e4Lx5hO5ttRjoP039u4wZNCUjq9iZ",51
"Kjt5nRIFwbXl1wiHWlE04yvxRyPvyjcC",2
"zWykUXroyqsXGhgXL69zecxEDlLyY6qH",7
"0wPMX80L58I2mnZVMyCFT9QMY7zpXu1I",45
"RX8C9vUUc2vHK23PEIS1uwoHPLwD76Kf",13
"IlMLvc9zuqNm5HSePGXCNWcT5nq2QXu9",95
"TlTM6YJOvtZWbGGMwOt7dPIWCklDMX0s",85
"vrar6MKdFA9WaFA2HTj1PfPCdPLdjBL8",99
"SsEeuriUzmb6ayNzbmxGZXFusmzu882Y",19
"5IXmTA4uVWXMMbU7xPST5SZqLEhPq0HT",14
"NDtpbJj2aHBy4mPoF59ouSkhtfFqwNPD",69
"5U1sJrAfijTSozxwJrlv76hmdsVGDHr5",57
"3yGtIvyQ7RMRzbcl3HlU318u5PNKzuPl",78
"GAwkFINwm9eDftqh2Y76GbJ41R0nDabt",23
"guwmyQuUX1WQ72YDr6qpLci7CM05s8yq",45
"vZT2OlwFR8ih3DPtik6Jl0lSc5sTsJAv",52
"DUBnGDEaEfapDLi7aEsm11qXmN3VBXXh",46
"PzglApDngXTmSUQXeEhNTYefVLREzyUE",89
"J9kw3XUgkejMMWYtLb6fuR74O1wQLAx4",84
"vVn9mIiGkjUa6k0GJ3RhqMls9A05PXK1",71
"z2v97hyYcl2XiQl18vI7eHYin1CEQuT4",8
"KFHqqkKUi5tpVVOIxUZpOSGpj7m2QxR7",17
"C8ixmsTp6refsoRyjLtBuo2I9qhdn40E",99
"UA8GIWkbTsGbGGdmyg6Qngo9TVqLoKZL",54
"ep5obkFg9fN1MnFvuh4eyFlEbbu2LNy8",42
"RlgAAzn9vehFWue4uOFw04mQSnuM2QSy",9
"LAgjuiA0LjHncVVxrh6oNgxvZ0mljh39",56
"uOutw3tYDiIAhbkeZdYCo7fj05R3Q7ga",81
"mKkr4evw1anbbSxSux34A3bzs6UjPNIt",39
"W6RkIqYXpDmeJaMvgPb6eHmaNvndAF3M",23
"hAxRkcDWw3O1Gc5J3Z4jvLGSt3jaZVuC",26
"vDkC8DlXbprM6g9XfqwwhNyqb3YRUYp3",13
"JaumP9df95A93BSBYlTbyzsIpjuoiQkV",50
"8FRfSjpmW7CGVPnRPYeGjUVBjpuRpnr8",84
"ULvhJlSO7HOfHG6s7Mxqrm7jr7vzAW88",72
"hkSGyRG8l8sXysYGUR28gFhLNRexPMGS",61
"2vis75jN3bkXWrlHkBoGrPw2XZ3qRrvS",77
"IzVyBpu5RNuQ8BfQRu7d0IxtWvghnRf1",98
"wKjIuwqdzWbgyU4ce3O4vxROrJL9rZPN",42
"8eMPOBY9oo2BjbrmsM7tqVFsXFQyssLB",1
"Hjk78LIHSUpHnyE6Cnb7waLkKwtMXlDN",81
"IvNOXeVtWB8JRSpIHYJhKR0npBajAdDi",16
"6BsSUAVr1qjcGRcaneSL3yN3jSkB5Mp8",17
"axtrlrHXHc8Jhu43hnJ6JhsqzvItJeAc",40
"t5iEGY3OgxiASqqfe0F48JctNdS1sfpo",44
"18qlNJ6VIaMr0U2Y6AmFqQGcyS8MPP8b",64
"kRjL7QiHL3vscmcKBKkEkNdLOdE8NHA4",49
"iyRyYEpyiT3wy31tNGhzlZ32wWr5TQpF",32
"nDOxzyEsY9isJwXhQ6pPVWIf7xCzFkza",29
"Xt7ygMnMWOa8tXbGBoeyxz5CdwzuvdhI",80
"75wZj1ntI5oSRhzG0PLdfg8vddFmhVh5",46
"6zGRjcfZhXvqidG8930BivQf6Yyn8BHH",83
"8Nj7XkzFJoo5xOOjXYgOOIoRYiKLTxvb",37
"H8HI9NKfn52DMxyvS7eLUaXvJYOrFTdr",15
"qGNPN7bwMa9g8m733X34gw3YmTv2LEnS",85
"S88iPjuWXUVtnbJnIXdNcSfsnBDxEwHN",53
"tnI78gPyxzSEttU9zlLdzDIN01ti9THO",34
"rL58kJjReaDVxwhK9l32E6XpouQGHxZz",22
"fgc5NWM9WcWGhZPvUJnsg00d4myZj43M",59
"29RZjhsnjbYkUPwC3TBEGoEeOz6VNQVY",15
"rIrdGDwiqG0JZDlnxwBvd8yIY8bNP6oa",57
"arscz5fknNCssxjk2MDYiii9uQCDuLwc",59
"YxCLsaO3MeN28URtvU4ksZ9hPhVwrxqS",74
"DVDIo15YA9iTlcMCuMrrYzfhRDJJOS01",52
"3FGR4h3o0pZgiMPKaPrxQfjqnQ5OVczs",52
"fcSjuNv1f9TEgunL559EbPOIyb4ni7qi",94
"gqhfzrYe6bL4KBwbvO3V1Z0o83vbnGZn",98
"qSx9yRiJfkqA6xG1cQlNVsoC86juqIE2",69
"JcKj2TTKEvl9utQ68fSiLZkjMwMGz2wR",9
"W5bFsqfNGC606DVRQzDzujjJRUkZ0YUt",99
"GWvVSOEF8kVNI23TJ0E0rEpw3zeAlgCv",68
"vVutJNIAx59O6zerAIhhIDHDs1mLT5YS",12
"m80FOAYnqsedih1NF1VWmnruOq7YNBMD",3
"Vmpz2c9eeWITT6GpUS3m7Y4m84BjP2yx",26
"u9UwLfmg6QO4eDR5O2aw4udB0EepF0iN",27
"56GxiHNomCqswfNWlTWYBJXHtd74yvdw",95
"sCM0mM2CwNy5pf4N9xeCs45J2VXTeflG",29
"eHEy5gj8Jvq4mhFzHR0lf3MhrEFACht5",53
"K8BKXMYTbxd3erIFFiX4qI36Bz7QX5PC",60
"2NoPrp9aannozHu20B4gtqURwVsCQdrb",18
"dvvAhGtp2OqttjU7jDaxgVL7NPq8b3rp",41
"mUdgvAGouXBGwZedftpmSzh69oVXsPi3",7
"u1hBXfxqbFl553upr2z2uKTo8VI8AlH6",42
"OuizzjKnj2GXhlaGHorKSODvDEpYZEdF",56
"QQxdG5U0xsGmPxxyWUbSnts63WkQUfSm",83
"6n8wRB1BiF9NogTsq9dXEmfBMWEwd8Qm",51
"IUY2Spm1slG0WKUTokmxAzKOWczXPfCe",12
"jzQ45tInXb0nECHx5PchueZ5xT0Dhm3W",8
"glbkHediFMcmNToiJxHq42D2EQkk9nS3",55
"zOGIvCB4DFWzp5wXTsZwPuFSQBhrr8NS",4
"u0aveIAtnb8mVNkeTqfU1RyXc6ec04Wj",15
"BzPjbR9ZBGcMH3DcSRVqTgCcvZaDcCA4",28
"P2jnUebw6LmSTZzuvggkslN4TU1PyPas",83
"fNJwsbkphnBH7MwDjU32iVWMXnG68Mwe",74
"XpLE4f7wAo9V7DnyoNrJvp1u8GCBOBFN",87
"jtW9NkFsiIEltWziw7yvFn98icI3QmSu",71
"y6cXbEypq6cGNjwyScWIlNkAzdbaDCcs",32
"6iIZZ2Q5560UBA8bCR4HnH0IuFJ8FufZ",91
"f4WzTeUU0WRf5PoI0Uxa1l5biUOZHSFo",99
"jhmg1XqjLWOL8ZdXLDdFb4ez8bxnvRLH",77
"HJYIaiG5oDQvbHlxQ1i9hF7Su8QCJu6l",84
"oqAHdxoDSkUB3scHgE0jnQUTBfX6R2Bu",71
"QDohswOoPP59kGCUN3E796WbovGNJQsE",83
"3p15YwpnNkTaNjwesOW0Sy1KQMWzKXbZ",69
"I50uFzadJ5NOc5UVDmcABe4M0vksrC9Z",59
"UDv8DhBZEPffdgy7x4Gbi4gAEnAnmUtH",26
"3QFC8UT40m1HAIERlpcIRWRScazXHyYm",89
"H0WBYDFW11OLVRddFpJXnyT13oNDupJr",37
"hfCRkIK2824T1FB3wMC87UNQA7uAhPKL",81
"5tblYOo6pNjmWrm28ZKLrp3c8eiFRQqR",15
"Qow3DCt24xajUT9mt7Qt8APzUQBHNUIQ",7
"w9e0X9V3SGeCb240nggLiRysT2vmACFA",96
"b1fvonY0D5BFs36dlY1zONhFzkestwDN",39
"PRBdU5jv7IgfXExgVac8Xtzt9VaIp7mW",87
"PkKUUmRmUZsN91WWWbrN8MHWnGMo1eRz",69
"j3O49DvBiVQsCiAe6lYIjjEXvGOEQKyF",55
"7LHeKmCn4QAmFjncuIfoWPBq8ym7RDX9",44
"hgY6rn8KetKt0LeC1sZ9qic9HvNkgeBv",11
"GWCepzA1CTkUhS3c94HvzqppWUiSNOee",1
"L3zfC6Sue6HGmR0HjgLAnFjvWSqIKOHm",8
"Te5wU3cDRYYFLF3Dcy1mTSU6DjNZuMPp",19
"DszcQc5UTTGCbYBOwgE9DIVP5I2aiM5G",53
"7TPIWd09SL3L4xnggEtFirWAsAdm4x3K",61
"G9CAus7ihNlWRj8vzaYirj3jAaqpXW5v",4
"A6cQ3HCBtAnfxyjkVGK4MtW1MhvxHpPL",45
"foebUt2HnBsZGJt4UeERCoQU6uM6wMaQ",74
"yhFX60FCf8AvorhSQRdwdAtS72m9fzwo",99
"Nqq6aN48eckZvwynxnq04c7DsSbnbzvD",74
"6J0emeJcE7aiydF4qGoUIuiSUSDxfyo7",60
"9d4ZZZhvKIJVVT4eb0tC6Ndm4xjtBZyQ",49
"WYMDPzqGrgaZxRT4tetZN13LkoTOLQGN",12
"MXxRbI4JcRQo6jnlv4kYhIiFq3qa9L5n",21
"Ml6BdT0OxCHhcJIy8ufdqHMLOIQDGL5z",31
"InNIjQwaV6Jm8YQks2YQMdGh2xCDgVWq",69
"xTuSCd6cxbwIqvIgHRrX5pRe7Ftjc3lX",42
"0EiJ5HUqFTCUR5Ofan0mr02leeW4czI3",68
"H9j71Ugk25SHSvhYS4zivR7FqJz1o46a",18
"EeVGj3C9yOZuZD20G6SVeWnPM0a0ZcZP",5
"iUyVzWJ8irY9jP32MMBNdfuNuclqFUg1",25
"0wohUJvJkHu3v90eRJU4yecXsDpcZz6w",81
"eBKNCTcjLfLrMMotGb2iHdizh2ZeKLRm",97
"ooRjLfbDvLSz48zcuDd7SFNqSPSkGlje",86
"v6f7xboCVjAGIEcgTpmCszGSMdapOoxn",90
"NvK14Nb5kBqnVGklPA0Pt7fsVI27YHJQ",46
"OyM0kDIwcBOQfwUiIMu2zhPteMMIuz3P",92
"dcNhLuKIWN85JUPKoPN0YYoPZt2xllUN",18
"Qy7Ff4At7Ld0GJ4dDNRQO3pHGlSkH50u",2
"etZS4OqEKOHRVLO8Pbit7sP3mDq5Uwsv",9
"oNRYRNzU2zvQX4ryuNHTSYhHgna9qieD",79
"Qp2LhqlW5ixaSVz9CxmpzqeCLDWew3gO",14
"iSQWZPsA2ykLlJFrkHXQSBgb0PSlLK1T",91
"Vola765HGBps7OFp6LTk4LOe1jIgGu5s",73
"6C1p1kdUHaTUrQHnZthGNu3npLN7MNmk",12
"3UpPHGoNFuuQ8U30h70CFNw8Ucee21hV",65
"nTtsvSgmyejWm0fWBnrWLjsEPrtu55Qd",87
"4mlGJAXJVbBgjgruX7rlwoWEdGL1i5Zh",83
"EzUDLsMPP3EK8L6mDj5igBW3ImrLWrOr",30
"DUjUwQdz9Z6QLwSB0KrDNTa34aZkMjj8",65
"cMLHY7FmvJ4OZqks5Qw2waPcQjHvJGyo",47
"d0huc9w8U3u3bIwyI7VvUesMvkrRZKM8",20
"q0YkHooH1ZoQpP02GeEoCNbULfHcCOFu",27
"FfgOJtyx0G0aYTEg2Yz7PRiPUxSgQcYo",34
"3r8hl9FMEOKrU0uJgjCkulESIkLdxOHA",0
"99jyE4me7EgHc0F80cORqsuUG6sGgZIf",90
"M0WMUwdz11lFMVJAwWqMeDuOQIrAnAgU",27
"cNeWykMNnW4HEPG2jxGC1zoAljoK1j8C",29
"hZtMJeGxpESh1TMVr4HdvAZHLwzB8BwW",25
"6bLuqkM8Upgvyx4dju1XbIfHBWOhXWHH",80
"gwqSrbM8bzWred94dRGxft6ZysFNIhMt",12
"MIzXGMFoTK8DlFHtMAObaTf7uKbZm7iv",58
"fhQyg2r9J7BJACqKpD81EVEeBZrvDj43",20
"KdKx8wvHFNracrFfON5eA0JpxS7N2dSb",65
"T2BGpUHPnGLkaORCrezY8cywJvWY1evG",94
"qIweUebQkhs3Z2lgkL5zKYNNfOwxgnz3",60
"5DT9qg8q4jYdCamKWWL3lvxTanPoHm8R",39
"CQXYUAx5kW71vUiQ00UatB4jdpSTZ9Fc",12
"l7Cyp63NgZ6wvVfqYPbm84Dk4IKFy8k4",33
"6hf3JDvJwSj0VjP00FLjMSRco6mXubWt",20
"EwlQQZhZBMrLTi8B6ag2ywv5jYmnDx4B",47
"5NKgByOIQ3994EiCIN3dr2ZSGtZ5LVSH",27
"1sYDe7WPXlGV3K85cO3RvUFYSjEjGOvy",24
"KkqSOTagAxFS1cpcRQZ1QFP61jeq0Fls",61
"8Q4z5zjGSUiFKOW4AVRVARGXM2sAeHlw",35
"A4aSDzHjrZ9I3sss4bolt9MAnYXfiY2W",5
"mbIwyvLAeKmEoHId9RnZ4QwvVACT7Hnh",4
"17JdliueYu7fBQAy6hWyWApkOlApjrmw",93
"ZT2DafwS0dXQDvbAAaSO0jWo3hwiJI1a",78
"5lZFnBKyWD8Vrz6U4x0nVuWaa1b9UKw7",99
"toTqwpLVugs8gnMVUplN8ckyztG8YI2w",11
"EJwLq9ePEl30w3HOXUkByy2fmU2HYLqP",54
"gVgjWTj6ofwB9J4T4WI3JmGo7aWBTWKs",83
"XuHJ75nUzlO7BFDqiP5xco12VAsbtOHe",32
"QvPodc8TDYuHq3GOj3q9A45kdsOmV86c",48
"CT6q4BdGj3zULFGVBmkPlEE6dKkJQFjy",0
"vjSJrr4NHPiRF7676QlAfvXYgn6JQWwO",18
"ikypXQ2AEafJt3DzcWK2iVEgBu2IqBJo",2
"rVeb5eSsRHHCIejPeeeNmMsHB33ttPZA",68
"fGgkRxUrWIUOi99ElV1u720sQ75hPANh",84
"YFZBzwRGIqaDwlPzMvVsnfEuiYxtKdeF",58
"NHKpXwpVO5qDSE6qquvxQKLf5LsJ1sKb",45
"WagEE34KhrodGAzz8XD01qk5iRXia9UL",30
"yNEsuSbbIoQFc8dKxrCWyUQQGRLTf4sz",26
"STLHEB1RTLXZmqWGQZ1KR7Bmx1A2g0pk",48
"5A1mz393Qr4Bo8Li16WrmMr1Ex2cbOxu",76
"mElvLHbubHeMN13Zk8BaEK96LOyLsQC2",68
"X0pFFAKARBarhqdNUXzZ9SZeMUVIbiut",80
"z0SpMP2cZzecOw3q7xmKULBfDIraJdVc",53
"Dk9InTFpvHbsw7vDjRVojbhKnoxYb8la",90
"s0n66IjsmWaWuvxNu0alfaxdCDDL3mSg",48
"y0NT2JdWenB7PvMiQpXJxQuGaIwS4F1B",76
"3tHwU6yGRDgJ6Fo1BcVPbRxFrXFAJ3KP",89
"BPapQp3q0gMaaE8PfnM6TzjYJDqG1lRD",37
"rK6f3fOuzsO52U0VTgMRgnetfe148uCy",33
"VOVDKLeywKg0FUOQqNx7hGbyT2ACG1Pd",29
"dLH6L6BijYY063gvWX8UT7xRcbnYR0Vd",99
"dAz1BaUUPzGZ01bsjo6z5NadzHZsA7uu",58
"NMJOjO1gVFnJqw7d0OQN5oCqacgNOwdZ",74
"tKM1G9ulHJr3WrQeLdYr75VgkzzbiG7Q",44
"fy2r9QKpFuQ8NiVtQAe5B53tAcpxrvO0",44
"x8Gpa4QcloPEbjEfYKUUg9u119MVmDAx",38
"1sVdup6IYldvIDZz3KlRGKEdxkGZYcs8",5
"Vx0drI11gUB4WZ7cMCHhvVSGmTdoE8bE",0
"Dm8Nh2hgllkeOKv61wvp67VIMQFmMNfq",94
"OmTGz3cqRAnT1PKnGse13ma9sdMg9KHW",68
"gGJRCl66A0c7ye4buLXtu3Wyq2FP5NcZ",95
"LZx57JrdG5SDUhNe9wgSqeK9JX6nIadM",37
"fq7Fj8fctxrbXYSZnnRpcwpDs10pAa5l",59
"GhQp7X5SrkewbYDptHhl9ECciiEJxbLT",13
"oCnZDqMYo2otgIQJ7TDTThzc8DsPawtq",56
"l4r7lJTkiY5seQb8OJtqwy8v0VwS1S33",59
"MyXKuR3WXljBXLIB2tz1OrkHXca77KO5",70
"998BUiU1ifj73x7YDTYlehej3mDkb5Tx",11
"zCXhGSQgFW7DtDosmEYnXOOwPqPrBtAY",55
"nOqoQQHwIQ9v5ft8ztiYB4Xb0rdHedQd",40
"dELCI6BgLnyhTmIB2OYzua0aMoGX4ypB",14
"qaP8LdCJrMVOKx01ZaNo5KuILlinZLdH",23
"m8KExp2DODAuOC7tfTHEqTROjUQfAAGY",36
"P3j3UYGEjhSC3c9iQEWBiXKMrpHbEoR7",34
"UqLiVjOqaqx3jXJZ3r15W8UtQJvSYokZ",39
"9IJSejvIeFdVnJF6v4prM1xGM0829Fwv",79
"kV36VyPVTKt5vzb8HKjfVzfyDxp3NYll",49
"1MmSj5x84U1HrHTEv8DOJu0Kve0IC4qE",85
"C51d1gYGOdktAMZuVcimAKfy6UOPqEHD",10
"9PL7uusiJuMlOgIfptyb7VclqzdpqyfA",71
"AUqsuBBob14cCEVfT8HBvZswRu1iQ73V",27
"D9FSQHUssR48V4w055cfQaPOxvO8hmL9",76
"Tvb1xCX0lJ4dP9B6d0Ptebymi6fBVDhW",62
"sVDkLD5RZISJKB3VxZfoNQ6k5ruVkg5I",96
"HH1U9bEo38jyPe4s1v7wLJFFUyrqRoQr",97
"EEXTeLQqiC4JTLpwbALQ82vawOgdruJ7",94
"IKbCKdaKIwgRq3orBDoQzTDv0Sw0WsLp",47
"VQT0hPWcyizLBcGmqUTRhY6duU65Cqtd",7
"RM9vBnBCIhgQxuMQE8zuJesyy7nFrrYo",21
"KIG3hQT25AwUSSQNkW0LB3zNdNqNmBou",6
"qXm4o3TtZGeTE7TouAv1ogDmNE9VQI8p",42
"FsqFHYakHT3NXpvcMXrIAGNOKw87OLf2",91
"lauHYGkRmIp1Tro7NkCG7k2OFQKJw6xe",58
"J99gqnE3qXOCUQovoKMtF1TUYKHcysvd",38
"GuKysMsW23e0oKi1lT0f9sOUj7W0jnYV",1
"WcXKNBMpnoh7iRWwL8bzUWf7mok5atNL",14
"OsrRs7VOjQO79VqNo9pKbTBxiUSiGLwH",25
"xGFXGHfaCa3OHmXPDehFE58pdKPV4ny3",85
"jxLSUqJB7e7rwBoTXKJ2CazKySFbJp7C",97
"XHyInspYiOsvjK3TXgkoBoAeSr8ptqI1",8
"fCFHum6NPF7byAPCWSYUW5FeGydds3JO",80
"8fZRtWY4TinsU0YAmaLFHmXPLRi6ocD7",53
"MZvKinjMQmulV5M9pXaLJJafoBgxmMVd",86
"l5dsS9dhGuZm54weK7ZoZBJDJwX1QSZv",99
"YCwFh6Ap7usxyKNlsFlQj7nlAiTrRu14",2
"UmGlofEfL8aqVYkbhK3Db7R6WsgWd6AH",98
"tT6qj2OGab2hJ4dqDUcHP45KoZgKuoX2",3
"xsNdce5e4Ev1qvNircHFdKaMjCnoV7bg",20
"IL9nuK2WOvFKsDeTra6k9VYIaK5a7NvT",80
"hufnqZxaPsQphM4znhBpJqVyYymvx9eS",14
"8ZaCDKeNPh52BEBLjn7myjeEPZCDp8fZ",20
"WWF2K9qGbPN3FhEw5EMaC5OZTaPZjavO",23
"sIR1l8NFK8QrCPUPB6A3C4CF57W3lAf4",9
"4nIkIzCG39BYEWnqAHjU1kT4uQXQbVgV",95
"XTxojLoKD8hr8mrDEMFQlP2zZu6OiDD4",62
"UMVHE5cvXGJTK1H5dBXPe0oRhgDPSI9Z",3
"qbNVSmSl8Ws20OmKDfZI3Ry9uELF0wkM",42
"Nux5FnYBqLfdONsvPVgjdHWkYbHozxqR",29
"bqufqK21i0laxhqS1SKEFGOIMAFu0yne",78
"RryzCUNIITpGOD0kfKR6tO4UUwSSUM5E",31
"yl5HGstBjrwWbSC0SGRizifwSTQEP7SO",83
"zRay70L2axXDGLrDzklFrrlm8HzBFbPw",18
"H1s1r98y5kDZU6UxMzamUsr9fykldtrk",24
"xncOIauUpWZDgmrHnqfN4IvMpHHRfJC9",96
"JTvP7XQILsroXoMFsrVHcect2NhvgV3G",40
"wbXyIEK7ADiUsueO3iuR5fDbn9s4wdXE",94
"MWsc7g1S1KG0AV9SkrhtFkn7CKCtNKIv",66
"DFCB0JtxgromXZ53Q6YOkJpYD1DqqOet",81
"uL0vqkjlPEaLdajG8RMbCEZmj9ZAlux3",54
"rCHgiF09IGq9RUl1NV5GTxvJJ5BambM1",23
"fQwANaDF6lNjZrr8F7gSP4vM7UVB6WM9",33
"W7nOHahWW5zVeQAwPtm9A5m2Y4YeDAQa",22
"qBIVcPQ2DwW8pVZkBNLWlniMosjuPCDI",63
"UmUILA1F6JX7ZaolNY4rgm8zBWE7ifmK",25
"fqhMTcDBj5q5f0auVoVLVJR6lb42UuH7",61
"XwlUjcRIsgaSikontV5dI1ZEcClgA8qe",47
"bo83TLIUWBw1A77VklEtbq5IeSeFmBpD",81
"a3QIPt6z3JDVAoyMtYEriHv9UMjmiB9N",17
"307Mv67upxi9y76NZUI0snf5xgGnH9XY",16
"NQP434R2HOol5mS9fZyWwbH0IyS8eOWY",0
"8WgkgHPTjJzuI2YZmsa98lJlEAOGn8oN",98
"j37FiYzZgaVn7x5y68nYGR8B7H1A0SIa",7
"pFtm4dEgzlVJ9Wf517ZuooC2nOlJg2Oc",50
"Q2n5JxwZmxaPWMc2tc8EnIZ5G4IBL6TQ",25
"kRDWt3TqVJ8PTA0Ea5a6Zpy0lbzftRSs",19
"VItya4BW93jgGJKTyvkRk2CS95w48d8S",97
"9ali23SsGVMAXil8DX4t6vJWTyKjJ0Uw",84
"gmEC5smautssc63b3Lq3nW2l61ZVqahe",80
"GyPaYTYFYdVsOqSMcCYyHsedyaLS9CJJ",25
"EIATZbuTbDzAoznK66iiIC2LdGseo4Gh",19
"pomQXQcaZk6ONGgbwGQVUPxqlry2Lba3",73
"rJgmmg6VGsCw6ebwMOU06HeNjkm3uGXU",56
"7cDDOIb8MfUsvSIMxPAwRaSMH7t9Rff3",5
"fblEkhPP5Zb0pGid5xql8ruBvOCRJ14H",16
"1ruWfEKilxBmnwaas5LOdKQSbUm0zEi0",0
"uBz9XtkkMSWjOpVFDINt4euW9q4Grmed",11
"GRTMa4VaXzr8StRq3g0VLIrIJ18CLJTF",94
"oNxwSsyuav7RTvuTkBh37e8DiZ357iKG",12
"otpMxbY75XKPlWeOeKoUefxrRezYOSph",16
"Qv9kaqAUv0JB6xrIhVVboSWVqVvRZZok",79
"Wks3eFBLn71Bsg1c6pQv9tXMrTZoQGxU",18
"TNOFwsp9sCsC83rzKp7XUu2HO6W584YD",73
"V0lyXdCzyLHls6EirUDCPwPTPLhM0g9T",67
"AMzfsxb3Lvwyoqyz68qo6HQHMixUsCv9",94
"xbWjQHSBMWFyC99enpCOOwqRT58IGiYB",50
"xsmzIPM5Rl4fkN2hTPhbrH4fDLVsXjPk",72
"SS8biMm2WhN2lhhnDEghGtS0gN5sS5ra",62
"TIq9IRm067gsT7VI2ndfudBOaatQKotk",90
"T4xo6yexsuTMvJXkKOt5vNrbyuxg6ijP",18
"w86DFMBGasdp4cGGOek1GCNvwZgS1Grm",85
"JK0UrbMjCQQjgsB4UxZh6KKzEW0MtnN5",80
"YhLzLlHWxBRpX5RhfZGrwgIAhyfiugt1",78
"D1cohoaD4t9HXPpkTeTK9GcZ5BhL8bWr",68
"A6ymXlbweRTi8UrLKEjAKKD7u8pbEWMo",19
"M9jtIXP7mFSDg4UUvIKU6nEDqrkr5HtB",29
"2koXqbX3xNEbYnfNLk3cjLGeNnPyTjSj",99
"SJpJbRsuSl0nXM2nq0zuYDGDrRfi3Q0r",37
"N4KZHex5wdaFF3868clliIu2El8cXmqT",58
"XQjRRiczVYhysgfD53VGeSQmx3FTcLCM",3
"YAioxWAiJR3UJpafeKmojdBDijxieNLR",89
"kKK9yjSLUnISNEWAzWStY1DvrHdgO3vS",82
"vaWImKBTBA6bV4yH74mVqAmzMn8QXzqe",55
"8sTO4bf57RxoXKOhpfoIjcn8Ag8qae16",73
"W6pRCcfjJQAxg8ADKDCT6WzcuQnTqFo4",14
"I1S1KjDcCIVkCnyvtwQU4r16NwuEFsk6",92
"ScGxr4Z4ChyuZPJ4GoN2Lg2CwOlxI0AH",31
"gm3d1cZsPYT5svHdck7G78lBpjgzPbbj",70
"NqpJKUOFtls5VMKB7I3ldo5jAROhllnW",88
"FJn5gyze8ZFsXkdVRmICK45xqOO496T4",97
"5EhBqkrV52REAUWtsyu1eRBkoX2hw0wU",76
"FJXMZCzo9185x1RtNvWTjCHHZsrxBJ8r",8
"GeJx8iZ3GDIgizSukSPqzhtcgrdRqx3P",14
"zZHlEuWxRKU9sXvxv14Rdl62URtjCK4y",46
"f0tmYUH4e0vzNlq0XA5pr17lFiwMS2Xk",95
"xfFuBZbC2G6eHAfK4ZGPmxJtkDHNdBtP",97
"w4NrzHQluGnhlO8rRqaKj3Z0pGR0TSxu",92
"IVGXUQh60HTFgVrfY6SN1ZzsO8AC8kFb",79
"dpRHl9bju8r8hgNYIOOLLefEjQ6UxPCb",86
"hktvF9hP48MWu5AkUlrdN3ZuGtemkSEE",33
"Whb40FeKhAYnstbhnDVTWnW09USmbDH4",36
"at8vNeKDF0nP4Bb8KDigJaH3FRXKThyV",17
"J3sSOwtJ9AyHILCANdq6rWmiCgnp0ymO",12
"1amXk2av017HYizHEiokl05lLHv3NS6e",89
"NJPHkUFYB2kFwbgVB3rlRitizN3Qmwyl",39
"VRclyYceb0KUbZjkUNxzwTtPxGUxcF0S",99
"vPTA0XvRTQ7U6B7vJDHzslUz0oukJmu2",7
"3gkoODXwJhaqs3ChJWUMx1zZ2gRUUUxf",23
"QdoQesodPuEUihSZjysOOya9eRNSLQqu",6
"WNPKcjHNHBAIwVraUnzKxrV2TLbUR1Y7",27
"djNmOUQOg3f32JiPCZFyWYxEjYhxZjqf",9
"bJamAZomLnC5yYEFQBYjibpL5MvGkElw",4
"0K8zTERh5j8xTRgjx2FTtbutaZE9gzVe",48
"HibzJtIFZgwpIlUnWxMFL8xGVsYVu42i",13
"pxSqCxeqQBTGA6PvmUp9Ndm40ueXr0rU",17
"vFjkbAclaDBx6XiQO0aIZSF4XlFLabhg",2
"DhgTh7nhmghZMVsPPVh1ZqnFBFeLGekx",81
"vk6pOdZYHY54obxX0q3wt652q2G8T83x",82
"7AZjYaMoWp2KWR36KtWKN6ZU48KeI6CH",36
"MaUSnkVC4akWkt83piXTKHVggI5l5R2s",77
"0seW0V6PzQVqAyx9HcIO3FIa4YpVH9Ch",33
"I3n0GXb9Q1A8hsk7dYV9ZXXOI6onAyWA",96
"ZqE518ajodyhIavSadY1NNv17ndA3pZp",23
"hRsXbRebJEtpgJFd93pdwyeKxBWffxBr",15
"66nMMpDJumAi4YLxipURzM4wQz58KC5S",59
"vOIBWMG9gKsAdGoh8WOZNjBIoOjCkWMO",12
"PSC0XBnQ9rChHtVYO22wixeysF7asInt",48
"aOOuRac5ZKWehOaNw80YXkAWtwuruGRL",97
"R0WSJc84Hpo1QYrJHUtDgmxwu02dFjy9",26
"j09kns8ZP7qhJHHtBVP4XQzR7vVsvqqz",68
"5Si18THwkVkt6heHhoilLsjNbPWZUJNX",36
"rkGGa2wVs2KHtcZtwTMKvTtYYAuhlk6t",56
"NfA0fTAjAXnVmMXTgtPuN0NP3tLvZCXa",9
"brF22t6OhPVnzWlyShaemRwoI67zZPTf",32
"wLL1oKmRu5HbT1p3aS4H6WMMdcS54JPT",43
"6teesgqQ1jvNNMxQfDDMxuNqBO4vZ94A",10
"o21L9Qh3OalRg0WDYIS2MMiyy5AsViea",24
"YdDN7wKBMdBCYMmmSW2HO4spugCl4pRH",89
"PH9mBtthFTe41ipRbL09oachROS9rpRq",55
"KydOpsQZszTpJUnEsOAgBuWs2UgmFvya",57
"HS5c5Is7LnTuuQMmknqyXjrHjZLrFLmE",81
"mKP0LyWjvfkPLguEAyBBDcexSzaLSaqb",35
"e7auWA4kYEGMhRvjinUuXZ1lnU9r0F11",23
"w4wivLRYmeEBfgnN05FneZVUFslQs90R",92
"T0axGIQ8SUwDhxjTZDQkOpB0E07IdmRI",30
"N7svi09roPfnY0pMRbYxux2gm6fIeJlS",46
"iLb069eWZ1jCKUvCEeMoamw8518dXwcT",53
"zMeYX5Em4qp1jtzjwSAhNUPWXROt0HbZ",84
"oKmFCSpeOduRMuH65EIj2Y7RWGvmsyzv",28
"glnau6y9LQvmGfmZxdfcOBvGYOjI0GHb",31
"f5JThmVBJLZuFsKiOER179EKJUGXihvO",8
"3Kn48liobTn1xVH6j9pGVS2iUQHn6d2k",34
"e5YyeLjJJtc7BvcfOk6V3skIYATibtWt",71
"Uq5Oyfa5yIzYzHpy47EFznHFpEdk1oUx",79
"F2UlFuL9BcXzAK5yD5Z2fx9pULG6Yb2o",49
"33Rz9SD316snwLn8LlwrMFG8TlENQArY",91
"XMqpllWCAGYL91PyCAIxncyOwIU4dj8l",47
"sIhQsfCrsPekXDnZ6vYHDDvUyo7oDEKx",98
"1lDmjKEhqhP3UPWnd7OueUqeyPAVFIU4",98
"ke1IIrJ006W05pIffRrfWZwoOp9Y0UN7",53
"TWGgEpr9QolY0L8nmzlz6o3zfJYCCzp0",49
"bBPj8hkb5ndm3hPHe91SI9jpO0kZRZaw",2
"VWJyu2ZbsKJcm06u8oQI3VFHLluJqf9F",22
"oT5a1JH2X2UBVNVUVaqxsHEP04aWZNKH",82
"4KsxkfeBMw0z1uRgdY9bbwSKZx6Phs8a",11
"bjLG4NNEpUmLUmwCyfowXWCHnhsqyzTe",20
"TBigafk7rmpiiGYLfOuuRaJpdycFOSIt",68
"VatvkclJcbm06gd04bABzRINxf5rRYin",44
"LjH03TBz3Z1BepsAkRxAkvZB2WqNE3La",62
"FifBFgshZySFRIOLEtQDLlpn3W1LMiaa",41
"hEY6dDdlSk0QFuSVUq8FLJR1qoSCH3Um",67
"DhqH6U6hq4YM65GjmgKlIm5JTwNKxM4e",48
"bZUklxZ4nBu2ebusVOkmAz6svktXDt3p",7
"WO9sDUM2FblswZrYM5SmmoDVyFZV8hMD",81
"FpTxHFZiY0OuoS7KeW5BNWnJsE6WFl2y",14
"stylm0nn8HkDM8EzTRNulsc4k4lYawcO",52
"JaTs9shVmrjzuAbhfvpDGNbgYrhjJcib",37
"zKpb1wHJKarGASUvWk2eNGg3R0QZHTwk",21
"1VfWuV7VR8ft3QyaSmpyEdiHU8N0rcNN",77
"CR714Iya0RqrZw2mnauwgRDkJCc68clg",98
"F5QDSNHecGjZtavwV7f2rTICPXsDhzjQ",59
"viFnBkfZ1uRhL1BQtV5V1SepFWYVvykz",43
"7nBjWMoizxQft5pfdvYE2kG9vdXFmjp9",11
"qIfMeJmBoX3qQc4StcwT5SC9udoiv9lc",72
"ko24GQoiNzLjvrgND7PmCqSlSg3KpRaZ",13
"sb24dRLK53ORHrZtURBxW9upzkNNWAGY",86
"LT5zUCMkFRyQc7bBoHXFOHm2DMIgk7QE",52
"ncc5HaoaPqJsWyf0Gox4mItjkbLf971C",79
"A7aTCuxXbDxmPLhIKgVKCy3X5M7NXwk0",81
"8lo0InGRAPQDxxyPREgMJTzVrx0rahKk",26
"Y0sn7OTK50MJ8ADoMlGtbRFwx6PuFMOF",88
"76nlHaCaYFq1k6snyx0UIuqJRnrdbPlc",31
"u1qWSOAymQ0QscQLgE2xSCcU42aOOURN",92
"AEu61tbdMiCp67zeXSREsCdz1vGRhItQ",7
"2o4lt3sEiwA5SWNBAUFbGbwkrHohBCdi",20
"tm9EFRdChcNwoYhniC8ehvspikv0zag6",67
"cuz6LTfBYtgqfQ8eZEvMwbI1YZ1CCkKH",41
"A69mcoXW4X8ueAwp9I92zx0xkrWQbDGY",39
"HSng3TTsJrQlxhIfiMMrebdzhGiWCJik",44
"jIJZ8LhPJav1dEGig1Lb9N2GYu2YkmIq",65
"EqID6y86J351Z6HtBplmgy8JxrVbAI04",43
"D4oJURovmixCypUhvCG9xP4lJEugqJ8A",98
"jdfqgvyD6CrSafUeqZztA9NVjKj5IUYJ",5
"4DV2pH5LblwwlDmQ3vFbfHsrZzcVXcEO",92
"EfBTEeCbefRSYvqaDDYdkrNBCCuXAurt",50
"fLknjpyvRbO9EOcs7SUDSbj0HkeHrFt5",66
"am6EOxW7ttnTLqTaCGMHbeYsMbpsOI4P",89
"cvZ0rMuFpevmyQzEyOj33XXh0sqznjmh",67
"Rw1ks5XYSI6zWSeZqPsM4qiHSSozeQKh",95
"p1KxtvZUKAJYuXcTpyr5Z8KVbb6HPjSI",62
"Rb4luwGQDd6zgOKxP4X7rVdlx8HNKJub",54
"c12p5i0f2Vn4J9RscFbuaAkudYwG71bV",73
"dRnYJfbIraQOfeQa8CMPGHss1o5jwuEh",9
"usP3AWoUBreCQILxd5uE9pQ8ZiECK1QK",34
"izU8DdKEbVzcDV32gEFHehQ7T0rOXRR1",74
"vSQXXR12nH6CDwjvuHQbY935MEos7Bcj",62
"Ngs9W9i8VgKQmPN4kTGB8sXNzIm9CEu9",21
"oyNVvNNboJT4sYf9L4SOWK3aRosayUQx",41
"27NUXtwloSRofbAKXX8LHKW0TFaKH9HD",55
"T7Yvxl6dxOv7glgLNWVS6i1EuA7SSKhC",57
"2t7ly6FgH8zhJWhCaBK9CyDDKZxzY5fb",44
"V0IwwHbWkt9hdihGZWituFvObGuDLht9",31
"tsKR3aJIjohNVPkTyydextk0XZVD1sdz",54
"Xjapb1KlcCznq6OD9VgQX3QXix39C4O0",15
"QilJeQWvqtUZgO3KVBaWOMkzEkMa6bHU",10
"FJqIcl0fxLuWwvufUzGXtWr8sGT5PHqm",75
"zsCqJ9Yd0www4y4ix4eX9fwMbMqNRCRI",65
"QafIwGAPrUejJHGaU4kp8V8JiAuTgHV5",36
"6IL2416PrsqSJiujQjGwzGtpK4lAmda9",73
"OdDIwpfO0EvQ2tQI3o7rdSn4tEoTX9en",10
"2jwpluP39q8vAk2590MKikA9Zwb93oo3",96
"PFo0Kv4Nbd6lIFlI8HJ8SAbEVeOan2BK",82
"Y7OqZItZkgKCsvpswzAyTWGHRWr24JYh",50
"0n8jHq9WBb3wjeRjvtESnpzCGNfFvSKv",66
"wnKCmgWeOnFZfjPlf6DXwM4QW6uhDSOj",91
"t4GuSYLe3ShXo5X5U7NSaOH9tmiQAgym",97
"NIhtnCFeNHa3GTG7DXTl66AShKSSLmR1",19
"U8Q8gAodpY1DbFn7Fhu98DfedcCLdmEK",4
"ubMp0qHZzSTTzHTpALqQvBEzOPe4KThx",96
"HJGAN8z35w90czujzxx3RR1CmSr6uB4S",38
"uRWE5RuAFpMT0ERUgKKycFVDv9fBWbj7",67
"jKqtyWuIvntdSQqqpr6GP20rD33UVkCb",54
"PV1KbMGrJguJd7yiCgl8ZeTzRcCZRFjN",70
"xLFGx6IMmu6cJkBwboTpjtFhtx7VaQzo",34
"7SimuFUAavHgfLpIjZvbm9JtEh1zBAMK",40
